Username,Access Level,Department
shini.vv,Admin,IT
omkar.gandavarapu,Admin,IT
navya.balla,Admin,IT
surbhi.c.suman,Admin,IT
neha.a.aggarwal,Admin,IT
j.damodaran,Admin,IT
k.b.selvamani,Admin,IT
devika.kalaivanan,Admin,IT
hajara.ayyubkhan,Admin,IT
nandini.baskaran,Admin,IT
sonal.futane,Admin,IT
srinivasan.selvam,Admin,IT
pramod.kasam,Admin,IT
leena.a.das,Admin,IT
pirtheebaa.krishnan,Admin,IT
r.kalia.moorthy,Admin,IT
deepti.prakash,Admin,IT
himanshu.m.jain,Admin,IT
aqil.patnam,Admin,IT
d.sampathkumar,Admin,IT
archana.a.nagarajan,Admin,IT
Vishnu.ramalingam,Admin,IT
